id;created_date;title;content
1;2024-03-03;functionalities Clothing;../fake-data/blob/hipster.txt
2;2024-03-03;invoice;../fake-data/blob/hipster.txt
3;2024-03-02;Morocco leading-edge;../fake-data/blob/hipster.txt
4;2024-03-03;Pike channels stable;../fake-data/blob/hipster.txt
5;2024-03-03;JSON;../fake-data/blob/hipster.txt
6;2024-03-03;structure parsing;../fake-data/blob/hipster.txt
7;2024-03-03;Rupee;../fake-data/blob/hipster.txt
8;2024-03-02;Agent holistic;../fake-data/blob/hipster.txt
9;2024-03-03;mindshare National;../fake-data/blob/hipster.txt
10;2024-03-02;gold reboot bus;../fake-data/blob/hipster.txt
